{"cameraMode":{"drawMode":0,"name":"Shaded","section":"Shading Mode"},"sceneLighting":false,"audioPlay":false,"sceneViewState":{"showFog":true,"showMaterialUpdate":true,"showSkybox":false,"showFlares":true,"showImageEffects":true,"showParticleSystems":true},"in2DMode":false,"pivot":{"x":49.0,"y":2.9000000953674318,"z":2.799999952316284},"rotation":{"x":0.10700448602437973,"y":0.6910991072654724,"z":-0.1047598123550415,"w":0.7071427702903748},"size":4.041658401489258,"orthographic":false}