{"cameraMode":{"drawMode":0,"name":"Shaded","section":"Shading Mode"},"sceneLighting":false,"audioPlay":false,"sceneViewState":{"showFog":true,"showMaterialUpdate":true,"showSkybox":true,"showFlares":true,"showImageEffects":true,"showParticleSystems":true},"in2DMode":false,"pivot":{"x":49.0,"y":2.9000000953674318,"z":2.799999952316284},"rotation":{"x":0.04304500296711922,"y":0.7145841717720032,"z":-0.04430253431200981,"w":0.6968844532966614},"size":4.041658401489258,"orthographic":false}