{"cameraMode":{"drawMode":0,"name":"Shaded","section":"Shading Mode"},"sceneLighting":false,"audioPlay":false,"sceneViewState":{"showFog":true,"showMaterialUpdate":true,"showSkybox":false,"showFlares":true,"showImageEffects":true,"showParticleSystems":true},"in2DMode":false,"pivot":{"x":50.0,"y":4.299999237060547,"z":75.99999237060547},"rotation":{"x":0.10700448602437973,"y":0.6910991072654724,"z":-0.1047598123550415,"w":0.7071427702903748},"size":130.25457763671876,"orthographic":false}