{"cameraMode":{"drawMode":0,"name":"Shaded","section":"Shading Mode"},"sceneLighting":false,"audioPlay":false,"sceneViewState":{"showFog":false,"showMaterialUpdate":false,"showSkybox":false,"showFlares":false,"showImageEffects":false,"showParticleSystems":false},"in2DMode":false,"pivot":{"x":47.939029693603519,"y":2.4002137184143068,"z":13.94015884399414},"rotation":{"x":0.001926308497786522,"y":0.9957135319709778,"z":-0.09016819298267365,"w":0.02276882901787758},"size":1.5381901264190674,"orthographic":false}