{"cameraMode":{"drawMode":0,"name":"Shaded","section":"Shading Mode"},"sceneLighting":false,"audioPlay":false,"sceneViewState":{"showFog":true,"showMaterialUpdate":true,"showSkybox":false,"showFlares":true,"showImageEffects":true,"showParticleSystems":true},"in2DMode":false,"pivot":{"x":-10.328465461730957,"y":1.4493827819824219,"z":23.197954177856447},"rotation":{"x":-0.21368609368801118,"y":-0.6195372343063355,"z":0.18050123751163484,"w":-0.7334428429603577},"size":15.236593246459961,"orthographic":false}