{"cameraMode":{"drawMode":0,"name":"Shaded","section":"Shading Mode"},"sceneLighting":false,"audioPlay":false,"sceneViewState":{"showFog":true,"showMaterialUpdate":true,"showSkybox":true,"showFlares":true,"showImageEffects":true,"showParticleSystems":true},"in2DMode":false,"pivot":{"x":51.57853698730469,"y":0.9649763107299805,"z":7.046809196472168},"rotation":{"x":-0.3040422201156616,"y":0.3672926723957062,"z":-0.12831853330135346,"w":-0.8696160912513733},"size":10.337991714477539,"orthographic":false}