{"cameraMode":{"drawMode":0,"name":"Shaded","section":"Shading Mode"},"sceneLighting":false,"audioPlay":false,"sceneViewState":{"showFog":true,"showMaterialUpdate":false,"showSkybox":false,"showFlares":true,"showImageEffects":true,"showParticleSystems":true},"in2DMode":false,"pivot":{"x":17.62331771850586,"y":1.104695439338684,"z":13.109139442443848},"rotation":{"x":-0.22454027831554414,"y":0.053187813609838489,"z":-0.012226570397615433,"w":-0.9729580283164978},"size":8.615656852722168,"orthographic":false}