{"cameraMode":{"drawMode":0,"name":"Shaded","section":"Shading Mode"},"sceneLighting":false,"audioPlay":false,"sceneViewState":{"showFog":true,"showMaterialUpdate":false,"showSkybox":false,"showFlares":true,"showImageEffects":true,"showParticleSystems":true},"in2DMode":false,"pivot":{"x":47.94462585449219,"y":3.9298195838928224,"z":14.496313095092774},"rotation":{"x":-0.15333212912082673,"y":-0.17042429745197297,"z":0.02690730057656765,"w":-0.9730181694030762},"size":6.141659736633301,"orthographic":false}