{"cameraMode":{"drawMode":0,"name":"Shaded","section":"Shading Mode"},"sceneLighting":false,"audioPlay":false,"sceneViewState":{"showFog":true,"showMaterialUpdate":true,"showSkybox":false,"showFlares":true,"showImageEffects":true,"showParticleSystems":true},"in2DMode":false,"pivot":{"x":-0.3243325352668762,"y":0.5241695642471314,"z":-1.9018402099609376},"rotation":{"x":-0.038814883679151538,"y":-0.9610876441001892,"z":0.20033156871795655,"w":-0.18622060120105744},"size":2.8399007320404054,"orthographic":false}