{"cameraMode":{"drawMode":0,"name":"Shaded","section":"Shading Mode"},"sceneLighting":false,"audioPlay":false,"sceneViewState":{"showFog":true,"showMaterialUpdate":true,"showSkybox":false,"showFlares":true,"showImageEffects":true,"showParticleSystems":true},"in2DMode":false,"pivot":{"x":0.0,"y":1.2879999876022339,"z":1.5299999713897706},"rotation":{"x":-0.05884645879268646,"y":-0.9405294060707092,"z":0.21823565661907197,"w":-0.25361689925193789},"size":0.1650000363588333,"orthographic":false}