{"cameraMode":{"drawMode":0,"name":"Shaded","section":"Shading Mode"},"sceneLighting":false,"audioPlay":false,"sceneViewState":{"showFog":true,"showMaterialUpdate":false,"showSkybox":true,"showFlares":true,"showImageEffects":true,"showParticleSystems":true},"in2DMode":false,"pivot":{"x":50.342376708984378,"y":2.2876288890838625,"z":7.854999542236328},"rotation":{"x":-0.12632587552070619,"y":0.5039976835250855,"z":-0.07473758608102799,"w":-0.8511666655540466},"size":8.264245986938477,"orthographic":false}