{"cameraMode":{"drawMode":0,"name":"Shaded","section":"Shading Mode"},"sceneLighting":false,"audioPlay":false,"sceneViewState":{"showFog":true,"showMaterialUpdate":true,"showSkybox":false,"showFlares":true,"showImageEffects":true,"showParticleSystems":true},"in2DMode":false,"pivot":{"x":1.5821375846862794,"y":0.3774928152561188,"z":-1.9615027904510499},"rotation":{"x":-0.05884645879268646,"y":-0.9405294060707092,"z":0.21823565661907197,"w":-0.25361689925193789},"size":0.7301623225212097,"orthographic":false}