{"cameraMode":{"drawMode":0,"name":"Shaded","section":"Shading Mode"},"sceneLighting":false,"audioPlay":false,"sceneViewState":{"showFog":true,"showMaterialUpdate":true,"showSkybox":false,"showFlares":true,"showImageEffects":true,"showParticleSystems":true},"in2DMode":false,"pivot":{"x":49.393001556396487,"y":1.6380000114440919,"z":4.4079999923706059},"rotation":{"x":0.2069903016090393,"y":0.004692353308200836,"z":-0.000992769142612815,"w":0.9783315062522888},"size":2.214470863342285,"orthographic":false}