{"cameraMode":{"drawMode":0,"name":"Shaded","section":"Shading Mode"},"sceneLighting":false,"audioPlay":false,"sceneViewState":{"showFog":true,"showMaterialUpdate":true,"showSkybox":false,"showFlares":true,"showImageEffects":true,"showParticleSystems":true},"in2DMode":false,"pivot":{"x":11.668647766113282,"y":5.845768451690674,"z":13.684455871582032},"rotation":{"x":-0.07978084683418274,"y":-0.8664617538452148,"z":0.14695101976394654,"w":-0.4704163670539856},"size":6.502857685089111,"orthographic":false}