{"cameraMode":{"drawMode":0,"name":"Shaded","section":"Shading Mode"},"sceneLighting":false,"audioPlay":false,"sceneViewState":{"showFog":true,"showMaterialUpdate":true,"showSkybox":false,"showFlares":true,"showImageEffects":true,"showParticleSystems":true},"in2DMode":false,"pivot":{"x":0.0189533531665802,"y":1.632916808128357,"z":3.189812660217285},"rotation":{"x":0.2069903016090393,"y":0.004692353308200836,"z":-0.000992769142612815,"w":0.9783315062522888},"size":4.425305366516113,"orthographic":false}