{"cameraMode":{"drawMode":0,"name":"Shaded","section":"Shading Mode"},"sceneLighting":false,"audioPlay":false,"sceneViewState":{"showFog":true,"showMaterialUpdate":true,"showSkybox":true,"showFlares":true,"showImageEffects":true,"showParticleSystems":true},"in2DMode":false,"pivot":{"x":52.363929748535159,"y":-1.734631061553955,"z":8.83152961730957},"rotation":{"x":0.32683369517326357,"y":0.3406301736831665,"z":-0.12763096392154694,"w":0.8722752332687378},"size":14.437908172607422,"orthographic":false}