{"cameraMode":{"drawMode":0,"name":"Shaded","section":"Shading Mode"},"sceneLighting":true,"audioPlay":false,"sceneViewState":{"showFog":true,"showMaterialUpdate":true,"showSkybox":true,"showFlares":true,"showImageEffects":true,"showParticleSystems":true},"in2DMode":false,"pivot":{"x":27.05796241760254,"y":2.5865530967712404,"z":98.56166076660156},"rotation":{"x":-0.018896453082561494,"y":0.010777000337839127,"z":-0.00020427136041689664,"w":-0.9997814893722534},"size":4.457491397857666,"orthographic":false}