{"cameraMode":{"drawMode":0,"name":"Shaded","section":"Shading Mode"},"sceneLighting":false,"audioPlay":false,"sceneViewState":{"showFog":true,"showMaterialUpdate":false,"showSkybox":true,"showFlares":true,"showImageEffects":true,"showParticleSystems":true},"in2DMode":false,"pivot":{"x":51.0195426940918,"y":-53.315040588378909,"z":56.43230438232422},"rotation":{"x":-0.3934383988380432,"y":0.06118066608905792,"z":-0.026196595281362535,"w":-0.916961669921875},"size":132.239501953125,"orthographic":false}