{"cameraMode":{"drawMode":0,"name":"Shaded","section":"Shading Mode"},"sceneLighting":false,"audioPlay":false,"sceneViewState":{"showFog":true,"showMaterialUpdate":true,"showSkybox":false,"showFlares":true,"showImageEffects":true,"showParticleSystems":true},"in2DMode":false,"pivot":{"x":51.437294006347659,"y":1.0750000476837159,"z":13.287742614746094},"rotation":{"x":0.20469853281974793,"y":0.2679527699947357,"z":-0.058373983949422839,"w":0.9396243691444397},"size":11.7798433303833,"orthographic":false}