{"cameraMode":{"drawMode":0,"name":"Shaded","section":"Shading Mode"},"sceneLighting":false,"audioPlay":false,"sceneViewState":{"showFog":true,"showMaterialUpdate":true,"showSkybox":false,"showFlares":true,"showImageEffects":true,"showParticleSystems":true},"in2DMode":false,"pivot":{"x":6.359996795654297,"y":4.119999885559082,"z":9.599997520446778},"rotation":{"x":-0.05884645879268646,"y":-0.9405294060707092,"z":0.21823565661907197,"w":-0.25361689925193789},"size":4.058193683624268,"orthographic":false}