{"cameraMode":{"drawMode":0,"name":"Shaded","section":"Shading Mode"},"sceneLighting":false,"audioPlay":false,"sceneViewState":{"showFog":true,"showMaterialUpdate":true,"showSkybox":false,"showFlares":true,"showImageEffects":true,"showParticleSystems":true},"in2DMode":false,"pivot":{"x":-5.636718273162842,"y":0.8159418106079102,"z":0.42659735679626467},"rotation":{"x":-0.0013491221470758319,"y":-0.9985883235931397,"z":0.031465787440538409,"w":-0.04285411909222603},"size":3.0350823402404787,"orthographic":false}