{"cameraMode":{"drawMode":0,"name":"Shaded","section":"Shading Mode"},"sceneLighting":false,"audioPlay":false,"sceneViewState":{"showFog":true,"showMaterialUpdate":false,"showSkybox":true,"showFlares":true,"showImageEffects":true,"showParticleSystems":true},"in2DMode":false,"pivot":{"x":20.381847381591798,"y":-29.32752227783203,"z":119.36492156982422},"rotation":{"x":-0.4681006669998169,"y":0.079885333776474,"z":-0.042483121156692508,"w":-0.879054844379425},"size":132.239501953125,"orthographic":false}