{"cameraMode":{"drawMode":0,"name":"Shaded","section":"Shading Mode"},"sceneLighting":true,"audioPlay":false,"sceneViewState":{"showFog":true,"showMaterialUpdate":true,"showSkybox":true,"showFlares":true,"showImageEffects":true,"showParticleSystems":true},"in2DMode":false,"pivot":{"x":-1.7961363792419434,"y":-4.067675590515137,"z":7.212746620178223},"rotation":{"x":-0.10111165791749954,"y":-0.7897384166717529,"z":0.13540929555892945,"w":-0.5897076725959778},"size":0.7144709229469299,"orthographic":false}