{"cameraMode":{"drawMode":0,"name":"Shaded","section":"Shading Mode"},"sceneLighting":false,"audioPlay":false,"sceneViewState":{"showFog":true,"showMaterialUpdate":true,"showSkybox":false,"showFlares":true,"showImageEffects":true,"showParticleSystems":true},"in2DMode":false,"pivot":{"x":41.40571975708008,"y":2.824798107147217,"z":135.89688110351563},"rotation":{"x":-0.07211979478597641,"y":-0.05921328067779541,"z":0.004289270378649235,"w":-0.9956349730491638},"size":5.813721656799316,"orthographic":false}