{"cameraMode":{"drawMode":0,"name":"Shaded","section":"Shading Mode"},"sceneLighting":false,"audioPlay":false,"sceneViewState":{"showFog":true,"showMaterialUpdate":true,"showSkybox":false,"showFlares":true,"showImageEffects":true,"showParticleSystems":true},"in2DMode":false,"pivot":{"x":13.34000015258789,"y":1.1417384147644044,"z":10.65999984741211},"rotation":{"x":0.16500569880008698,"y":0.6209378242492676,"z":-0.13585709035396577,"w":0.7541667222976685},"size":4.041658401489258,"orthographic":false}