{"cameraMode":{"drawMode":0,"name":"Shaded","section":"Shading Mode"},"sceneLighting":false,"audioPlay":false,"sceneViewState":{"showFog":true,"showMaterialUpdate":true,"showSkybox":false,"showFlares":true,"showImageEffects":true,"showParticleSystems":true},"in2DMode":false,"pivot":{"x":10.788534164428711,"y":1.0717893838882447,"z":-0.8841469287872315},"rotation":{"x":-0.05884645879268646,"y":-0.9405294060707092,"z":0.21823565661907197,"w":-0.25361689925193789},"size":1.829392671585083,"orthographic":false}