{"cameraMode":{"drawMode":0,"name":"Shaded","section":"Shading Mode"},"sceneLighting":false,"audioPlay":false,"sceneViewState":{"showFog":true,"showMaterialUpdate":true,"showSkybox":false,"showFlares":true,"showImageEffects":true,"showParticleSystems":true},"in2DMode":false,"pivot":{"x":-5.583653926849365,"y":0.46682554483413699,"z":0.45326685905456545},"rotation":{"x":-0.0013491221470758319,"y":-0.9985883235931397,"z":0.031465787440538409,"w":-0.04285411909222603},"size":0.9350826144218445,"orthographic":false}