{"cameraMode":{"drawMode":0,"name":"Shaded","section":"Shading Mode"},"sceneLighting":false,"audioPlay":false,"sceneViewState":{"showFog":true,"showMaterialUpdate":true,"showSkybox":false,"showFlares":true,"showImageEffects":true,"showParticleSystems":true},"in2DMode":false,"pivot":{"x":-9.986885070800782,"y":4.06427526473999,"z":11.365315437316895},"rotation":{"x":0.0454891212284565,"y":-0.854041576385498,"z":0.07577981054782868,"w":0.5126481652259827},"size":4.406279563903809,"orthographic":false}