{"cameraMode":{"drawMode":0,"name":"Shaded","section":"Shading Mode"},"sceneLighting":false,"audioPlay":false,"sceneViewState":{"showFog":true,"showMaterialUpdate":true,"showSkybox":false,"showFlares":true,"showImageEffects":true,"showParticleSystems":true},"in2DMode":false,"pivot":{"x":-2.656757116317749,"y":1.6032665967941285,"z":-0.6437636017799377},"rotation":{"x":0.236699640750885,"y":0.30444401502609255,"z":-0.07838620990514755,"w":0.9193167090415955},"size":0.23334509134292603,"orthographic":false}