{"cameraMode":{"drawMode":0,"name":"Shaded","section":"Shading Mode"},"sceneLighting":false,"audioPlay":false,"sceneViewState":{"showFog":true,"showMaterialUpdate":true,"showSkybox":false,"showFlares":true,"showImageEffects":true,"showParticleSystems":true},"in2DMode":false,"pivot":{"x":-14.8100004196167,"y":14.15999984741211,"z":9.640000343322754},"rotation":{"x":-0.10517352819442749,"y":-0.6826167106628418,"z":0.10024367272853852,"w":-0.7161884307861328},"size":48.69834518432617,"orthographic":true}