{"cameraMode":{"drawMode":0,"name":"Shaded","section":"Shading Mode"},"sceneLighting":false,"audioPlay":false,"sceneViewState":{"showFog":true,"showMaterialUpdate":true,"showSkybox":false,"showFlares":true,"showImageEffects":true,"showParticleSystems":true},"in2DMode":false,"pivot":{"x":-2.2600150108337404,"y":2.526322603225708,"z":4.780618190765381},"rotation":{"x":-0.0013491221470758319,"y":-0.9985883235931397,"z":0.031465787440538409,"w":-0.04285411909222603},"size":7.025090217590332,"orthographic":false}