{"cameraMode":{"drawMode":0,"name":"Shaded","section":"Shading Mode"},"sceneLighting":false,"audioPlay":false,"sceneViewState":{"showFog":true,"showMaterialUpdate":true,"showSkybox":false,"showFlares":true,"showImageEffects":true,"showParticleSystems":true},"in2DMode":false,"pivot":{"x":52.43000030517578,"y":0.1583857536315918,"z":10.100000381469727},"rotation":{"x":0.3871004283428192,"y":0.008574516512453556,"z":-0.003594597103074193,"w":0.9219983220100403},"size":0.7144709229469299,"orthographic":false}