{"cameraMode":{"drawMode":0,"name":"Shaded","section":"Shading Mode"},"sceneLighting":false,"audioPlay":false,"sceneViewState":{"showFog":true,"showMaterialUpdate":false,"showSkybox":false,"showFlares":true,"showImageEffects":true,"showParticleSystems":true},"in2DMode":false,"pivot":{"x":48.88899230957031,"y":2.5366742610931398,"z":3.3840129375457765},"rotation":{"x":-0.03951432928442955,"y":-0.6614009141921997,"z":0.034996580332517627,"w":-0.7482026219367981},"size":7.045034885406494,"orthographic":false}