{"cameraMode":{"drawMode":0,"name":"Shaded","section":"Shading Mode"},"sceneLighting":false,"audioPlay":false,"sceneViewState":{"showFog":true,"showMaterialUpdate":true,"showSkybox":false,"showFlares":true,"showImageEffects":true,"showParticleSystems":true},"in2DMode":false,"pivot":{"x":17.090925216674806,"y":0.24139940738677979,"z":7.304833889007568},"rotation":{"x":0.0051078880205750469,"y":0.9921357035636902,"z":-0.11751648038625717,"w":0.043168533593416217},"size":6.426506042480469,"orthographic":false}