{"cameraMode":{"drawMode":0,"name":"Shaded","section":"Shading Mode"},"sceneLighting":true,"audioPlay":false,"sceneViewState":{"showFog":true,"showMaterialUpdate":true,"showSkybox":true,"showFlares":true,"showImageEffects":true,"showParticleSystems":true},"in2DMode":false,"pivot":{"x":37.416168212890628,"y":-7.338905334472656,"z":74.74501037597656},"rotation":{"x":-0.22806990146636964,"y":0.049903981387615207,"z":-0.01170192938297987,"w":-0.9723140597343445},"size":100.3152847290039,"orthographic":false}