{"cameraMode":{"drawMode":0,"name":"Shaded","section":"Shading Mode"},"sceneLighting":false,"audioPlay":false,"sceneViewState":{"showFog":true,"showMaterialUpdate":false,"showSkybox":true,"showFlares":true,"showImageEffects":true,"showParticleSystems":true},"in2DMode":false,"pivot":{"x":125.8874282836914,"y":26.45378875732422,"z":13.388450622558594},"rotation":{"x":-0.45271459221839907,"y":0.005912532098591328,"z":-0.0029366761445999147,"w":-0.8916551470756531},"size":140.48373413085938,"orthographic":false}