{"cameraMode":{"drawMode":0,"name":"Shaded","section":"Shading Mode"},"sceneLighting":false,"audioPlay":false,"sceneViewState":{"showFog":true,"showMaterialUpdate":true,"showSkybox":true,"showFlares":true,"showImageEffects":true,"showParticleSystems":true},"in2DMode":false,"pivot":{"x":48.649234771728519,"y":0.4234910011291504,"z":8.965055465698243},"rotation":{"x":-0.18666790425777436,"y":0.021236170083284379,"z":-0.003953911364078522,"w":-0.9822074174880981},"size":15.741525650024414,"orthographic":false}