{"cameraMode":{"drawMode":0,"name":"Shaded","section":"Shading Mode"},"sceneLighting":false,"audioPlay":false,"sceneViewState":{"showFog":true,"showMaterialUpdate":true,"showSkybox":false,"showFlares":true,"showImageEffects":true,"showParticleSystems":true},"in2DMode":false,"pivot":{"x":-0.060260772705078128,"y":6.429999828338623,"z":8.489999771118164},"rotation":{"x":0.2069903016090393,"y":0.004692353308200836,"z":-0.000992769142612815,"w":0.9783315062522888},"size":0.00005631262683891691,"orthographic":false}