{"cameraMode":{"drawMode":0,"name":"Shaded","section":"Shading Mode"},"sceneLighting":false,"audioPlay":false,"sceneViewState":{"showFog":true,"showMaterialUpdate":false,"showSkybox":false,"showFlares":true,"showImageEffects":true,"showParticleSystems":true},"in2DMode":false,"pivot":{"x":68.81892395019531,"y":-12.298652648925782,"z":50.720001220703128},"rotation":{"x":-0.501377522945404,"y":-0.01764960028231144,"z":0.010231763124465943,"w":-0.8649924397468567},"size":144.63682556152345,"orthographic":false}