{"cameraMode":{"drawMode":0,"name":"Shaded","section":"Shading Mode"},"sceneLighting":true,"audioPlay":false,"sceneViewState":{"showFog":true,"showMaterialUpdate":true,"showSkybox":true,"showFlares":true,"showImageEffects":true,"showParticleSystems":true},"in2DMode":false,"pivot":{"x":49.0,"y":1.2239999771118165,"z":2.3369998931884767},"rotation":{"x":-0.016684962436556817,"y":0.8595542907714844,"z":-0.5099986791610718,"w":-0.028120998293161393},"size":5.563704967498779,"orthographic":false}