{"cameraMode":{"drawMode":0,"name":"Shaded","section":"Shading Mode"},"sceneLighting":false,"audioPlay":false,"sceneViewState":{"showFog":true,"showMaterialUpdate":true,"showSkybox":false,"showFlares":true,"showImageEffects":true,"showParticleSystems":true},"in2DMode":false,"pivot":{"x":-9.372509956359864,"y":3.9937033653259279,"z":11.28860092163086},"rotation":{"x":-0.0003775932127609849,"y":-0.9919942021369934,"z":-0.0029763521160930397,"w":0.126273512840271},"size":3.2062792778015138,"orthographic":false}