{"cameraMode":{"drawMode":0,"name":"Shaded","section":"Shading Mode"},"sceneLighting":false,"audioPlay":false,"sceneViewState":{"showFog":true,"showMaterialUpdate":false,"showSkybox":false,"showFlares":true,"showImageEffects":true,"showParticleSystems":true},"in2DMode":false,"pivot":{"x":53.849998474121097,"y":1.0750000476837159,"z":12.800000190734864},"rotation":{"x":-0.15333212912082673,"y":-0.17042429745197297,"z":0.02690730057656765,"w":-0.9730181694030762},"size":4.246146202087402,"orthographic":false}