{"cameraMode":{"drawMode":0,"name":"Shaded","section":"Shading Mode"},"sceneLighting":false,"audioPlay":false,"sceneViewState":{"showFog":true,"showMaterialUpdate":true,"showSkybox":false,"showFlares":true,"showImageEffects":true,"showParticleSystems":true},"in2DMode":false,"pivot":{"x":-0.6184706687927246,"y":-12.934049606323243,"z":9.009834289550782},"rotation":{"x":-0.20291858911514283,"y":0.5158471465110779,"z":-0.12714871764183045,"w":-0.8225586414337158},"size":2.209085464477539,"orthographic":false}