{"cameraMode":{"drawMode":0,"name":"Shaded","section":"Shading Mode"},"sceneLighting":false,"audioPlay":false,"sceneViewState":{"showFog":true,"showMaterialUpdate":false,"showSkybox":false,"showFlares":true,"showImageEffects":true,"showParticleSystems":true},"in2DMode":false,"pivot":{"x":-38.5,"y":-13.849952697753907,"z":-12.80000114440918},"rotation":{"x":0.31262296438217165,"y":0.018260950222611429,"z":-0.0060112206265330318,"w":0.9496827125549316},"size":15.622156143188477,"orthographic":false}