{"cameraMode":{"drawMode":0,"name":"Shaded","section":"Shading Mode"},"sceneLighting":false,"audioPlay":false,"sceneViewState":{"showFog":true,"showMaterialUpdate":false,"showSkybox":true,"showFlares":true,"showImageEffects":true,"showParticleSystems":true},"in2DMode":false,"pivot":{"x":64.62332153320313,"y":31.33203887939453,"z":6.8409423828125},"rotation":{"x":-0.42478352785110476,"y":0.11450007557868958,"z":-0.05399782955646515,"w":-0.896399974822998},"size":94.3981704711914,"orthographic":true}