{"cameraMode":{"drawMode":0,"name":"Shaded","section":"Shading Mode"},"sceneLighting":false,"audioPlay":false,"sceneViewState":{"showFog":true,"showMaterialUpdate":false,"showSkybox":false,"showFlares":true,"showImageEffects":true,"showParticleSystems":true},"in2DMode":false,"pivot":{"x":-44.51081466674805,"y":-19.44744873046875,"z":11.413354873657227},"rotation":{"x":0.2609773576259613,"y":-0.5951809883117676,"z":0.21289347112178803,"w":0.7296072840690613},"size":15.877716064453125,"orthographic":false}