{"cameraMode":{"drawMode":0,"name":"Shaded","section":"Shading Mode"},"sceneLighting":false,"audioPlay":false,"sceneViewState":{"showFog":true,"showMaterialUpdate":false,"showSkybox":false,"showFlares":true,"showImageEffects":true,"showParticleSystems":true},"in2DMode":false,"pivot":{"x":-42.24808883666992,"y":-15.629035949707032,"z":0.47484254837036135},"rotation":{"x":0.29861339926719668,"y":-0.5058603882789612,"z":0.19214989244937898,"w":0.7861385345458984},"size":17.935314178466798,"orthographic":false}